[
  { "date": "2025-01-01", "name": "Tahun Baru Masehi" },
  { "date": "2025-01-27", "name": "Isra Mi'raj Nabi Muhammad SAW" },
  { "date": "2025-01-29", "name": "Tahun Baru Imlek" },
  { "date": "2025-03-29", "name": "Hari Raya Nyepi (Tahun Baru Saka)" },
  { "date": "2025-03-31", "name": "Hari Raya Idul Fitri" },
  { "date": "2025-04-18", "name": "Wafat Isa Al-Masih (Good Friday)" },
  { "date": "2025-04-20", "name": "Hari Paskah (Easter Sunday)" },
  { "date": "2025-05-01", "name": "Hari Buruh Internasional" },
  { "date": "2025-05-12", "name": "Hari Raya Waisak" },
  { "date": "2025-05-29", "name": "Kenaikan Yesus Kristus" },
  { "date": "2025-06-01", "name": "Hari Lahir Pancasila" },
  { "date": "2025-06-06", "name": "Hari Raya Idul Adha" },
  { "date": "2025-06-27", "name": "Tahun Baru Islam (1 Muharram)" },
  { "date": "2025-07-14", "name": "Tahun Ajaran Baru (2025-2026)" },
  { "date": "2025-08-17", "name": "Hari Kemerdekaan Republik Indonesia" },
  { "date": "2025-09-05", "name": "Maulid Nabi Muhammad SAW" },
  { "date": "2025-12-25", "name": "Hari Raya Natal" }
]